typeCode,freqCode,refPeriodId,refYear,refMonth,period,reporterCode,reporterISO,reporterDesc,flowCode,flowDesc,partnerCode,partnerISO,partnerDesc,partner2Code,partner2ISO,partner2Desc,classificationCode,classificationSearchCode,isOriginalClassification,cmdCode,cmdDesc,aggrLevel,isLeaf,customsCode,customsDesc,mosCode,motCode,motDesc,qtyUnitCode,qtyUnitAbbr,qty,isQtyEstimated,altQtyUnitCode,altQtyUnitAbbr,altQty,isAltQtyEstimated,netWgt,isNetWgtEstimated,grossWgt,isGrossWgtEstimated,cifvalue,fobvalue,primaryValue,legacyEstimationFlag,isReported,isAggregate
"C","A","20230101","2023","52","2023","8","ALB","Albania","M","Import","0","W00","World","0","W00","World","H6","HS","true","TOTAL","All Commodities","0","false","C00","TOTAL CPC","0","0","TOTAL MOT","-1","N/A","0","false","-1","N/A","0","false",,"false","0","false","8668927602.553",,"8668927602.553","0","false","true",
"C","A","20230101","2023","52","2023","20","AND","Andorra","M","Import","0","W00","World","0","W00","World","H6","HS","true","TOTAL","All Commodities","0","false","C00","TOTAL CPC","0","0","TOTAL MOT","-1","N/A","0","false","-1","N/A","0","false","0","true","0","false","1994797838",,"1994797838","4","false","true",
"C","A","20230101","2023","52","2023","24","AGO","Angola","M","Import","0","W00","World","0","W00","World","H5","HS","true","TOTAL","All Commodities","0","false","C00","TOTAL CPC","0","0","TOTAL MOT","-1","N/A","0","false","-1","N/A","0","false","0","true","0","false","15695872014.241","14609682247.634","15695872014.241","4","false","true",
"C","A","20230101","2023","52","2023","28","ATG","Antigua and Barbuda","M","Import","0","W00","World","0","W00","World","H3","HS","true","TOTAL","All Commodities","0","false","C00","TOTAL CPC","0","0","TOTAL MOT","-1","N/A","0","false","-1","N/A","0","false","0","true","0","false","669653743.723",,"669653743.723","4","false","true",
"C","A","20230101","2023","52","2023","31","AZE","Azerbaijan","M","Import","0","W00","World","0","W00","World","H6","HS","true","TOTAL","All Commodities","0","false","C00","TOTAL CPC","0","0","TOTAL MOT","-1","N/A","0","false","-1","N/A","0","false",,"false","0","false","17278236451.58",,"17278236451.58","0","false","true",
"C","A","20230101","2023","52","2023","32","ARG","Argentina","M","Import","0","W00","World","0","W00","World","H5","HS","true","TOTAL","All Commodities","0","false","C00","TOTAL CPC","0","0","TOTAL MOT","-1","N/A","0","false","-1","N/A","0","false",,"false","0","false","73713612595.47","69773048633.03","73713612595.47","0","false","true",
"C","A","20230101","2023","52","2023","36","AUS","Australia","M","Import","0","W00","World","0","W00","World","H6","HS","true","TOTAL","All Commodities","0","false","C00","TOTAL CPC","0","0","TOTAL MOT","-1","N/A","0","false","-1","N/A","0","false",,"false","0","false","287861341163.506","275446943884.391","287861341163.506","0","false","true",
"C","A","20230101","2023","52","2023","40","AUT","Austria","M","Import","0","W00","World","0","W00","World","H6","HS","true","TOTAL","All Commodities","0","false","C00","TOTAL CPC","0","0","TOTAL MOT","-1","N/A","0","false","-1","N/A","0","false","0","true","0","false","219097053477.848",,"219097053477.848","4","false","true",
"C","A","20230101","2023","52","2023","44","BHS","Bahamas","M","Import","0","W00","World","0","W00","World","H6","HS","true","TOTAL","All Commodities","0","false","C00","TOTAL CPC","0","0","TOTAL MOT","-1","N/A","0","false","-1","N/A","0","false",,"false","0","false","4187477640",,"4187477640","0","false","true",
"C","A","20230101","2023","52","2023","48","BHR","Bahrain","M","Import","0","W00","World","0","W00","World","H6","HS","true","TOTAL","All Commodities","0","false","C00","TOTAL CPC","0","0","TOTAL MOT","-1","N/A","0","false","-1","N/A","0","false",,"false","0","false","15354369877.812",,"15354369877.812","0","false","true",
"C","A","20230101","2023","52","2023","51","ARM","Armenia","M","Import","0","W00","World","0","W00","World","H6","HS","true","TOTAL","All Commodities","0","false","C00","TOTAL CPC","0","0","TOTAL MOT","-1","N/A","0","false","-1","N/A","0","false","0","true","0","false","12473824718.577",,"12473824718.577","4","false","true",
"C","A","20230101","2023","52","2023","52","BRB","Barbados","M","Import","0","W00","World","0","W00","World","H5","HS","true","TOTAL","All Commodities","0","false","C00","TOTAL CPC","0","0","TOTAL MOT","-1","N/A","0","false","-1","N/A","0","false","0","true","0","false","2142606689",,"2142606689","4","false","true",
"C","A","20230101","2023","52","2023","56","BEL","Belgium","M","Import","0","W00","World","0","W00","World","H6","HS","true","TOTAL","All Commodities","0","false","C00","TOTAL CPC","0","0","TOTAL MOT","-1","N/A","0","false","-1","N/A","0","false","0","true","0","false","415137347678.401",,"415137347678.401","4","false","true",
"C","A","20230101","2023","52","2023","60","BMU","Bermuda","M","Import","0","W00","World","0","W00","World","H6","HS","true","TOTAL","All Commodities","0","false","C00","TOTAL CPC","0","0","TOTAL MOT","-1","N/A","0","false","-1","N/A","0","false",,"false","0","false","1178658451.56",,"1178658451.56","0","false","true",
"C","A","20230101","2023","52","2023","64","BTN","Bhutan","M","Import","0","W00","World","0","W00","World","H6","HS","true","TOTAL","All Commodities","0","false","C00","TOTAL CPC","0","0","TOTAL MOT","-1","N/A","0","false","-1","N/A","0","false",,"false","0","false","1289872122.512",,"1289872122.512","0","false","true",
"C","A","20230101","2023","52","2023","68","BOL","Bolivia (Plurinational State of)","M","Import","0","W00","World","0","W00","World","H6","HS","true","TOTAL","All Commodities","0","false","C00","TOTAL CPC","0","0","TOTAL MOT","-1","N/A","0","false","-1","N/A","0","false",,"false","0","false","11489290064","10671323528","11489290064","0","false","true",
"C","A","20230101","2023","52","2023","70","BIH","Bosnia Herzegovina","M","Import","0","W00","World","0","W00","World","H6","HS","true","TOTAL","All Commodities","0","false","C00","TOTAL CPC","0","0","TOTAL MOT","-1","N/A","0","false","-1","N/A","0","false","0","true","0","false","15348896098.385",,"15348896098.385","4","false","true",
"C","A","20230101","2023","52","2023","72","BWA","Botswana","M","Import","0","W00","World","0","W00","World","H6","HS","true","TOTAL","All Commodities","0","false","C00","TOTAL CPC","0","0","TOTAL MOT","-1","N/A","0","false","-1","N/A","0","false","0","true","0","false","6417467724.96",,"6417467724.96","4","false","true",
"C","A","20230101","2023","52","2023","76","BRA","Brazil","M","Import","0","W00","World","0","W00","World","H6","HS","true","TOTAL","All Commodities","0","false","C00","TOTAL CPC","0","0","TOTAL MOT","-1","N/A","0","false","-1","N/A","0","false",,"false","0","false","252710460140","240792839224","252710460140","0","false","true",
"C","A","20230101","2023","52","2023","84","BLZ","Belize","M","Import","0","W00","World","0","W00","World","H6","HS","true","TOTAL","All Commodities","0","false","C00","TOTAL CPC","0","0","TOTAL MOT","-1","N/A","0","false","-1","N/A","0","false","0","true","0","false","1340857181.601",,"1340857181.601","4","false","true",
"C","A","20230101","2023","52","2023","96","BRN","Brunei Darussalam","M","Import","0","W00","World","0","W00","World","H6","HS","true","TOTAL","All Commodities","0","false","C00","TOTAL CPC","0","0","TOTAL MOT","-1","N/A","0","false","-1","N/A","0","false",,"false","0","false","7484472312.892",,"7484472312.892","0","false","true",
"C","A","20230101","2023","52","2023","100","BGR","Bulgaria","M","Import","0","W00","World","0","W00","World","H6","HS","true","TOTAL","All Commodities","0","false","C00","TOTAL CPC","0","0","TOTAL MOT","-1","N/A","0","false","-1","N/A","0","false",,"false","0","false","53528641323.766",,"53528641323.766","0","false","true",
"C","A","20230101","2023","52","2023","104","MMR","Myanmar","M","Import","0","W00","World","0","W00","World","H6","HS","true","TOTAL","All Commodities","0","false","C00","TOTAL CPC","0","0","TOTAL MOT","-1","N/A","0","false","-1","N/A","0","false",,"false","0","false","16440463121.201",,"16440463121.201","0","false","true",
"C","A","20230101","2023","52","2023","108","BDI","Burundi","M","Import","0","W00","World","0","W00","World","H6","HS","true","TOTAL","All Commodities","0","false","C00","TOTAL CPC","0","0","TOTAL MOT","-1","N/A","0","false","-1","N/A","0","false",,"false","0","false","1182292485.065",,"1182292485.065","0","false","true",
"C","A","20230101","2023","52","2023","116","KHM","Cambodia","M","Import","0","W00","World","0","W00","World","H6","HS","true","TOTAL","All Commodities","0","false","C00","TOTAL CPC","0","0","TOTAL MOT","-1","N/A","0","false","-1","N/A","0","false","0","true","0","false","24410730701.695",,"24410730701.695","4","false","true",
"C","A","20230101","2023","52","2023","120","CMR","Cameroon","M","Import","0","W00","World","0","W00","World","H6","HS","true","TOTAL","All Commodities","0","false","C00","TOTAL CPC","0","0","TOTAL MOT","-1","N/A","0","false","-1","N/A","0","false","0","true","0","false","8296875048.587",,"8296875048.587","4","false","true",
"C","A","20230101","2023","52","2023","124","CAN","Canada","M","Import","0","W00","World","0","W00","World","H6","HS","true","TOTAL","All Commodities","0","false","C00","TOTAL CPC","0","0","TOTAL MOT","-1","N/A","0","false","-1","N/A","0","false",,"false","0","false",,"558529223348.125","558529223348.125","0","false","true",
"C","A","20230101","2023","52","2023","132","CPV","Cabo Verde","M","Import","0","W00","World","0","W00","World","H5","HS","true","TOTAL","All Commodities","0","false","C00","TOTAL CPC","0","0","TOTAL MOT","-1","N/A","0","false","-1","N/A","0","false","0","true","0","false","1758896767.736",,"1758896767.736","4","false","true",
"C","A","20230101","2023","52","2023","136","CYM","Cayman Isds","M","Import","0","W00","World","0","W00","World","H5","HS","true","TOTAL","All Commodities","0","false","C00","TOTAL CPC","0","0","TOTAL MOT","-1","N/A","0","false","-1","N/A","0","false",,"false","0","false","1831972713.276",,"1831972713.276","0","false","true",
"C","A","20230101","2023","52","2023","140","CAF","Central African Rep.","M","Import","0","W00","World","0","W00","World","H5","HS","true","TOTAL","All Commodities","0","false","C00","TOTAL CPC","0","0","TOTAL MOT","-1","N/A","0","false","-1","N/A","0","false","0","true","0","false","742447514.231",,"742447514.231","4","false","true",
"C","A","20230101","2023","52","2023","144","LKA","Sri Lanka","M","Import","0","W00","World","0","W00","World","H6","HS","true","TOTAL","All Commodities","0","false","C00","TOTAL CPC","0","0","TOTAL MOT","-1","N/A","0","false","-1","N/A","0","false","0","true","0","false","16386223816.91",,"16386223816.91","4","false","true",
"C","A","20230101","2023","52","2023","152","CHL","Chile","M","Import","0","W00","World","0","W00","World","H6","HS","true","TOTAL","All Commodities","0","false","C00","TOTAL CPC","0","0","TOTAL MOT","-1","N/A","0","false","-1","N/A","0","false","0","true","0","false","85505142449.355","79430986778.356","85505142449.355","4","false","true",
"C","A","20230101","2023","52","2023","156","CHN","China","M","Import","0","W00","World","0","W00","World","H6","HS","true","TOTAL","All Commodities","0","false","C00","TOTAL CPC","0","0","TOTAL MOT","-1","N/A","0","false","-1","N/A","0","false","0","true","0","false","2556763018595",,"2556763018595","4","false","true",
"C","A","20230101","2023","52","2023","170","COL","Colombia","M","Import","0","W00","World","0","W00","World","H6","HS","true","TOTAL","All Commodities","0","false","C00","TOTAL CPC","0","0","TOTAL MOT","-1","N/A","0","false","-1","N/A","0","false",,"false","0","false","62780546566.77","59429453765.75","62780546566.77","0","false","true",
"C","A","20230101","2023","52","2023","174","COM","Comoros","M","Import","0","W00","World","0","W00","World","H6","HS","true","TOTAL","All Commodities","0","false","C00","TOTAL CPC","0","0","TOTAL MOT","-1","N/A","0","false","-1","N/A","0","false","0","true","0","false","273141564.971",,"273141564.971","4","false","true",
"C","A","20230101","2023","52","2023","178","COG","Congo","M","Import","0","W00","World","0","W00","World","H6","HS","true","TOTAL","All Commodities","0","false","C00","TOTAL CPC","0","0","TOTAL MOT","-1","N/A","0","false","-1","N/A","0","false","0","true","0","false","4698065598.699",,"4698065598.699","4","false","true",
"C","A","20230101","2023","52","2023","180","COD","Dem. Rep. of the Congo","M","Import","0","W00","World","0","W00","World","H4","HS","true","TOTAL","All Commodities","0","false","C00","TOTAL CPC","0","0","TOTAL MOT","-1","N/A","0","false","-1","N/A","0","false","0","true","0","false","25529166293.5",,"25529166293.5","4","false","true",
"C","A","20230101","2023","52","2023","188","CRI","Costa Rica","M","Import","0","W00","World","0","W00","World","H6","HS","true","TOTAL","All Commodities","0","false","C00","TOTAL CPC","0","0","TOTAL MOT","-1","N/A","0","false","-1","N/A","0","false",,"false","0","false","22512106218.479",,"22512106218.479","0","false","true",
"C","A","20230101","2023","52","2023","191","HRV","Croatia","M","Import","0","W00","World","0","W00","World","H6","HS","true","TOTAL","All Commodities","0","false","C00","TOTAL CPC","0","0","TOTAL MOT","-1","N/A","0","false","-1","N/A","0","false","0","true","0","false","42552636805",,"42552636805","4","false","true",
"C","A","20230101","2023","52","2023","196","CYP","Cyprus","M","Import","0","W00","World","0","W00","World","H6","HS","true","TOTAL","All Commodities","0","false","C00","TOTAL CPC","0","0","TOTAL MOT","-1","N/A","0","false","-1","N/A","0","false",,"false","0","false","14261326213.08",,"14261326213.08","0","false","true",
"C","A","20230101","2023","52","2023","203","CZE","Czechia","M","Import","0","W00","World","0","W00","World","H6","HS","true","TOTAL","All Commodities","0","false","C00","TOTAL CPC","0","0","TOTAL MOT","-1","N/A","0","false","-1","N/A","0","false",,"false","0","false","228913298532","221847073820","228913298532","0","false","true",
"C","A","20230101","2023","52","2023","204","BEN","Benin","M","Import","0","W00","World","0","W00","World","H6","HS","true","TOTAL","All Commodities","0","false","C00","TOTAL CPC","0","0","TOTAL MOT","-1","N/A","0","false","-1","N/A","0","false",,"false","0","false","3904898286.01",,"3904898286.01","0","false","true",
"C","A","20230101","2023","52","2023","208","DNK","Denmark","M","Import","0","W00","World","0","W00","World","H6","HS","true","TOTAL","All Commodities","0","false","C00","TOTAL CPC","0","0","TOTAL MOT","-1","N/A","0","false","-1","N/A","0","false","0","true","0","false","120211272023.07",,"120211272023.07","4","false","true",
"C","A","20230101","2023","52","2023","212","DMA","Dominica","M","Import","0","W00","World","0","W00","World","H5","HS","true","TOTAL","All Commodities","0","false","C00","TOTAL CPC","0","0","TOTAL MOT","-1","N/A","0","false","-1","N/A","0","false","0","true","0","false","301308617.58",,"301308617.58","4","false","true",
"C","A","20230101","2023","52","2023","214","DOM","Dominican Rep.","M","Import","0","W00","World","0","W00","World","H6","HS","true","TOTAL","All Commodities","0","false","C00","TOTAL CPC","0","0","TOTAL MOT","-1","N/A","0","false","-1","N/A","0","false","0","true","0","false","31341173294.242",,"31341173294.242","4","false","true",
"C","A","20230101","2023","52","2023","218","ECU","Ecuador","M","Import","0","W00","World","0","W00","World","H6","HS","true","TOTAL","All Commodities","0","false","C00","TOTAL CPC","0","0","TOTAL MOT","-1","N/A","0","false","-1","N/A","0","false",,"false","0","false","30895673812.6",,"30895673812.6","0","false","true",
"C","A","20230101","2023","52","2023","222","SLV","El Salvador","M","Import","0","W00","World","0","W00","World","H6","HS","true","TOTAL","All Commodities","0","false","C00","TOTAL CPC","0","0","TOTAL MOT","-1","N/A","0","false","-1","N/A","0","false","0","true","0","false","15648326858.96",,"15648326858.96","4","false","true",
"C","A","20230101","2023","52","2023","231","ETH","Ethiopia","M","Import","0","W00","World","0","W00","World","H6","HS","true","TOTAL","All Commodities","0","false","C00","TOTAL CPC","0","0","TOTAL MOT","-1","N/A","0","false","-1","N/A","0","false","0","true","0","false","17050150860.951",,"17050150860.951","4","false","true",
"C","A","20230101","2023","52","2023","233","EST","Estonia","M","Import","0","W00","World","0","W00","World","H6","HS","true","TOTAL","All Commodities","0","false","C00","TOTAL CPC","0","0","TOTAL MOT","-1","N/A","0","false","-1","N/A","0","false","0","true","0","false","23437466334.43",,"23437466334.43","4","false","true",
"C","A","20230101","2023","52","2023","242","FJI","Fiji","M","Import","0","W00","World","0","W00","World","H6","HS","true","TOTAL","All Commodities","0","false","C00","TOTAL CPC","0","0","TOTAL MOT","-1","N/A","0","false","-1","N/A","0","false",,"false","0","false","3100455051.616",,"3100455051.616","0","false","true",
"C","A","20230101","2023","52","2023","246","FIN","Finland","M","Import","0","W00","World","0","W00","World","H6","HS","true","TOTAL","All Commodities","0","false","C00","TOTAL CPC","0","0","TOTAL MOT","-1","N/A","0","false","-1","N/A","0","false",,"false","0","false","83093614764.398",,"83093614764.398","0","false","true",
"C","A","20230101","2023","52","2023","251","FRA","France","M","Import","0","W00","World","0","W00","World","H6","HS","true","TOTAL","All Commodities","0","false","C00","TOTAL CPC","0","0","TOTAL MOT","-1","N/A","0","false","-1","N/A","0","false",,"false","0","false","803968336404.732",,"803968336404.732","0","false","true",
"C","A","20230101","2023","52","2023","258","PYF","French Polynesia","M","Import","0","W00","World","0","W00","World","H5","HS","true","TOTAL","All Commodities","0","false","C00","TOTAL CPC","0","0","TOTAL MOT","-1","N/A","0","false","-1","N/A","0","false","0","false","0","false","2302657016.743",,"2302657016.743","0","false","true",
"C","A","20230101","2023","52","2023","262","DJI","Djibouti","M","Import","0","W00","World","0","W00","World","H3","HS","true","TOTAL","All Commodities","0","false","C00","TOTAL CPC","0","0","TOTAL MOT","-1","N/A","0","false","-1","N/A","0","false","0","true","0","false","5294939996.122",,"5294939996.122","4","false","true",
"C","A","20230101","2023","52","2023","266","GAB","Gabon","M","Import","0","W00","World","0","W00","World","H6","HS","true","TOTAL","All Commodities","0","false","C00","TOTAL CPC","0","0","TOTAL MOT","-1","N/A","0","false","-1","N/A","0","false","0","true","0","false","4217063693.134",,"4217063693.134","4","false","true",
"C","A","20230101","2023","52","2023","268","GEO","Georgia","M","Import","0","W00","World","0","W00","World","H5","HS","true","TOTAL","All Commodities","0","false","C00","TOTAL CPC","0","0","TOTAL MOT","-1","N/A","0","false","-1","N/A","0","false","0","true","0","false","15610158504.405",,"15610158504.405","4","false","true",
"C","A","20230101","2023","52","2023","270","GMB","Gambia","M","Import","0","W00","World","0","W00","World","H6","HS","true","TOTAL","All Commodities","0","false","C00","TOTAL CPC","0","0","TOTAL MOT","-1","N/A","0","false","-1","N/A","0","false","0","true","0","false","2447864236.075",,"2447864236.075","4","false","true",
"C","A","20230101","2023","52","2023","275","PSE","State of Palestine","M","Import","0","W00","World","0","W00","World","H4","HS","true","TOTAL","All Commodities","0","false","C00","TOTAL CPC","0","0","TOTAL MOT","-1","N/A","0","false","-1","N/A","0","false",,"false","0","false","8270533700.366",,"8270533700.366","0","false","true",
"C","A","20230101","2023","52","2023","276","DEU","Germany","M","Import","0","W00","World","0","W00","World","H6","HS","true","TOTAL","All Commodities","0","false","C00","TOTAL CPC","0","0","TOTAL MOT","-1","N/A","0","false","-1","N/A","0","false",,"false","0","false","1486746612551.526",,"1486746612551.526","0","false","true",
"C","A","20230101","2023","52","2023","288","GHA","Ghana","M","Import","0","W00","World","0","W00","World","H5","HS","true","TOTAL","All Commodities","0","false","C00","TOTAL CPC","0","0","TOTAL MOT","-1","N/A","0","false","-1","N/A","0","false","0","true","0","false","16394367827.129",,"16394367827.129","4","false","true",
"C","A","20230101","2023","52","2023","300","GRC","Greece","M","Import","0","W00","World","0","W00","World","H6","HS","true","TOTAL","All Commodities","0","false","C00","TOTAL CPC","0","0","TOTAL MOT","-1","N/A","0","false","-1","N/A","0","false",,"false","0","false","88606155533.414",,"88606155533.414","0","false","true",
"C","A","20230101","2023","52","2023","308","GRD","Grenada","M","Import","0","W00","World","0","W00","World","H4","HS","true","TOTAL","All Commodities","0","false","C00","TOTAL CPC","0","0","TOTAL MOT","-1","N/A","0","false","-1","N/A","0","false",,"false","0","false","608759031.293",,"608759031.293","0","false","true",
"C","A","20230101","2023","52","2023","320","GTM","Guatemala","M","Import","0","W00","World","0","W00","World","H6","HS","true","TOTAL","All Commodities","0","false","C00","TOTAL CPC","0","0","TOTAL MOT","-1","N/A","0","false","-1","N/A","0","false","0","true","0","false","30277974452",,"30277974452","4","false","true",
"C","A","20230101","2023","52","2023","328","GUY","Guyana","M","Import","0","W00","World","0","W00","World","H5","HS","true","TOTAL","All Commodities","0","false","C00","TOTAL CPC","0","0","TOTAL MOT","-1","N/A","0","false","-1","N/A","0","false","0","true","0","false","5230066222.935","140061450.169","5230066222.935","4","false","true",
"C","A","20230101","2023","52","2023","340","HND","Honduras","M","Import","0","W00","World","0","W00","World","H6","HS","true","TOTAL","All Commodities","0","false","C00","TOTAL CPC","0","0","TOTAL MOT","-1","N/A","0","false","-1","N/A","0","false","0","true","0","false","14380533411.63",,"14380533411.63","4","false","true",
"C","A","20230101","2023","52","2023","344","HKG","China, Hong Kong SAR","M","Import","0","W00","World","0","W00","World","H6","HS","true","TOTAL","All Commodities","0","false","C00","TOTAL CPC","0","0","TOTAL MOT","-1","N/A","0","false","-1","N/A","0","false",,"false","0","false","654823993479.313",,"654823993479.313","0","false","true",
"C","A","20230101","2023","52","2023","348","HUN","Hungary","M","Import","0","W00","World","0","W00","World","H6","HS","true","TOTAL","All Commodities","0","false","C00","TOTAL CPC","0","0","TOTAL MOT","-1","N/A","0","false","-1","N/A","0","false","0","true","0","false","149541028461",,"149541028461","4","false","true",
"C","A","20230101","2023","52","2023","352","ISL","Iceland","M","Import","0","W00","World","0","W00","World","H6","HS","true","TOTAL","All Commodities","0","false","C00","TOTAL CPC","0","0","TOTAL MOT","-1","N/A","0","false","-1","N/A","0","false","0","true","0","false","9470151445.814","8961295014.904","9470151445.814","4","false","true",
"C","A","20230101","2023","52","2023","360","IDN","Indonesia","M","Import","0","W00","World","0","W00","World","H6","HS","true","TOTAL","All Commodities","0","false","C00","TOTAL CPC","0","0","TOTAL MOT","-1","N/A","0","false","-1","N/A","0","false","0","true","0","false","223107450095",,"223107450095","4","false","true",
"C","A","20230101","2023","52","2023","372","IRL","Ireland","M","Import","0","W00","World","0","W00","World","H6","HS","true","TOTAL","All Commodities","0","false","C00","TOTAL CPC","0","0","TOTAL MOT","-1","N/A","0","false","-1","N/A","0","false","0","true","0","false","150611380483.634",,"150611380483.634","4","false","true",
"C","A","20230101","2023","52","2023","376","ISR","Israel","M","Import","0","W00","World","0","W00","World","H6","HS","true","TOTAL","All Commodities","0","false","C00","TOTAL CPC","0","0","TOTAL MOT","-1","N/A","0","false","-1","N/A","0","false",,"false","0","false","91876859000",,"91876859000","0","false","true",
"C","A","20230101","2023","52","2023","380","ITA","Italy","M","Import","0","W00","World","0","W00","World","H6","HS","true","TOTAL","All Commodities","0","false","C00","TOTAL CPC","0","0","TOTAL MOT","-1","N/A","0","false","-1","N/A","0","false","0","true","0","false","639928811605.276",,"639928811605.276","4","false","true",
"C","A","20230101","2023","52","2023","384","CIV","Côte d'Ivoire","M","Import","0","W00","World","0","W00","World","H6","HS","true","TOTAL","All Commodities","0","false","C00","TOTAL CPC","0","0","TOTAL MOT","-1","N/A","0","false","-1","N/A","0","false","0","true","0","false","18842142271.002",,"18842142271.002","4","false","true",
"C","A","20230101","2023","52","2023","388","JAM","Jamaica","M","Import","0","W00","World","0","W00","World","H6","HS","true","TOTAL","All Commodities","0","false","C00","TOTAL CPC","0","0","TOTAL MOT","-1","N/A","0","false","-1","N/A","0","false","0","true","0","false","7592057989.91",,"7592057989.91","4","false","true",
"C","A","20230101","2023","52","2023","392","JPN","Japan","M","Import","0","W00","World","0","W00","World","H6","HS","true","TOTAL","All Commodities","0","false","C00","TOTAL CPC","0","0","TOTAL MOT","-1","N/A","0","false","-1","N/A","0","false","0","true","0","false","751750352188.115",,"751750352188.115","4","false","true",
"C","A","20230101","2023","52","2023","398","KAZ","Kazakhstan","M","Import","0","W00","World","0","W00","World","H6","HS","true","TOTAL","All Commodities","0","false","C00","TOTAL CPC","0","0","TOTAL MOT","-1","N/A","0","false","-1","N/A","0","false",,"false","0","false","61160501425.8",,"61160501425.8","0","false","true",
"C","A","20230101","2023","52","2023","400","JOR","Jordan","M","Import","0","W00","World","0","W00","World","H6","HS","true","TOTAL","All Commodities","0","false","C00","TOTAL CPC","0","0","TOTAL MOT","-1","N/A","0","false","-1","N/A","0","false",,"false","0","false","25707802376.37",,"25707802376.37","0","false","true",
"C","A","20230101","2023","52","2023","404","KEN","Kenya","M","Import","0","W00","World","0","W00","World","H6","HS","true","TOTAL","All Commodities","0","false","C00","TOTAL CPC","0","0","TOTAL MOT","-1","N/A","0","false","-1","N/A","0","false","0","true","0","false","18604452437.681",,"18604452437.681","4","false","true",
"C","A","20230101","2023","52","2023","410","KOR","Rep. of Korea","M","Import","0","W00","World","0","W00","World","H6","HS","true","TOTAL","All Commodities","0","false","C00","TOTAL CPC","0","0","TOTAL MOT","-1","N/A","0","false","-1","N/A","0","false","0","true","0","false","642549800743",,"642549800743","4","false","true",
"C","A","20230101","2023","52","2023","414","KWT","Kuwait","M","Import","0","W00","World","0","W00","World","H6","HS","true","TOTAL","All Commodities","0","false","C00","TOTAL CPC","0","0","TOTAL MOT","-1","N/A","0","false","-1","N/A","0","false","0","true","0","false","37489710521.588",,"37489710521.588","4","false","true",
"C","A","20230101","2023","52","2023","417","KGZ","Kyrgyzstan","M","Import","0","W00","World","0","W00","World","H6","HS","true","TOTAL","All Commodities","0","false","C00","TOTAL CPC","0","0","TOTAL MOT","-1","N/A","0","false","-1","N/A","0","false","0","true","0","false","12516346615",,"12516346615","4","false","true",
"C","A","20230101","2023","52","2023","418","LAO","Lao People's Dem. Rep.","M","Import","0","W00","World","0","W00","World","H6","HS","true","TOTAL","All Commodities","0","false","C00","TOTAL CPC","0","0","TOTAL MOT","-1","N/A","0","false","-1","N/A","0","false","0","true","0","false","7075164401.132",,"7075164401.132","4","false","true",
"C","A","20230101","2023","52","2023","422","LBN","Lebanon","M","Import","0","W00","World","0","W00","World","H5","HS","true","TOTAL","All Commodities","0","false","C00","TOTAL CPC","0","0","TOTAL MOT","-1","N/A","0","false","-1","N/A","0","false",,"false","0","false","18122412183",,"18122412183","0","false","true",
"C","A","20230101","2023","52","2023","426","LSO","Lesotho","M","Import","0","W00","World","0","W00","World","H6","HS","true","TOTAL","All Commodities","0","false","C00","TOTAL CPC","0","0","TOTAL MOT","-1","N/A","0","false","-1","N/A","0","false","0","true","0","false","1721616288.468",,"1721616288.468","4","false","true",
"C","A","20230101","2023","52","2023","428","LVA","Latvia","M","Import","0","W00","World","0","W00","World","H6","HS","true","TOTAL","All Commodities","0","false","C00","TOTAL CPC","0","0","TOTAL MOT","-1","N/A","0","false","-1","N/A","0","false",,"false","0","false","24546413126.081",,"24546413126.081","0","false","true",
"C","A","20230101","2023","52","2023","430","LBR","Liberia","M","Import","0","W00","World","0","W00","World","H6","HS","true","TOTAL","All Commodities","0","false","C00","TOTAL CPC","0","0","TOTAL MOT","-1","N/A","0","false","-1","N/A","0","false","0","true","0","false","2163463648.392",,"2163463648.392","4","false","true",
"C","A","20230101","2023","52","2023","440","LTU","Lithuania","M","Import","0","W00","World","0","W00","World","H6","HS","true","TOTAL","All Commodities","0","false","C00","TOTAL CPC","0","0","TOTAL MOT","-1","N/A","0","false","-1","N/A","0","false","0","true","0","false","48418282581",,"48418282581","4","false","true",
"C","A","20230101","2023","52","2023","442","LUX","Luxembourg","M","Import","0","W00","World","0","W00","World","H6","HS","true","TOTAL","All Commodities","0","false","C00","TOTAL CPC","0","0","TOTAL MOT","-1","N/A","0","false","-1","N/A","0","false","0","true","0","false","26085215084.344","25746892894.81","26085215084.344","4","false","true",
"C","A","20230101","2023","52","2023","446","MAC","China, Macao SAR","M","Import","0","W00","World","0","W00","World","H6","HS","true","TOTAL","All Commodities","0","false","C00","TOTAL CPC","0","0","TOTAL MOT","-1","N/A","0","false","-1","N/A","0","false","0","true","0","false","17560700573.09",,"17560700573.09","4","false","true",
"C","A","20230101","2023","52","2023","450","MDG","Madagascar","M","Import","0","W00","World","0","W00","World","H6","HS","true","TOTAL","All Commodities","0","false","C00","TOTAL CPC","0","0","TOTAL MOT","-1","N/A","0","false","-1","N/A","0","false","0","true","0","false","4816555845.013",,"4816555845.013","4","false","true",
"C","A","20230101","2023","52","2023","454","MWI","Malawi","M","Import","0","W00","World","0","W00","World","H6","HS","true","TOTAL","All Commodities","0","false","C00","TOTAL CPC","0","0","TOTAL MOT","-1","N/A","0","false","-1","N/A","0","false","0","true","0","false","3140741580.98",,"3140741580.98","4","false","true",
"C","A","20230101","2023","52","2023","458","MYS","Malaysia","M","Import","0","W00","World","0","W00","World","H6","HS","true","TOTAL","All Commodities","0","false","C00","TOTAL CPC","0","0","TOTAL MOT","-1","N/A","0","false","-1","N/A","0","false",,"false","0","false","265637832626.023",,"265637832626.023","0","false","true",
"C","A","20230101","2023","52","2023","462","MDV","Maldives","M","Import","0","W00","World","0","W00","World","H6","HS","true","TOTAL","All Commodities","0","false","C00","TOTAL CPC","0","0","TOTAL MOT","-1","N/A","0","false","-1","N/A","0","false",,"false","0","false","3489004654.156",,"3489004654.156","0","false","true",
"C","A","20230101","2023","52","2023","466","MLI","Mali","M","Import","0","W00","World","0","W00","World","H6","HS","true","TOTAL","All Commodities","0","false","C00","TOTAL CPC","0","0","TOTAL MOT","-1","N/A","0","false","-1","N/A","0","false","0","true","0","false","6416645383.337",,"6416645383.337","4","false","true",
"C","A","20230101","2023","52","2023","470","MLT","Malta","M","Import","0","W00","World","0","W00","World","H6","HS","true","TOTAL","All Commodities","0","false","C00","TOTAL CPC","0","0","TOTAL MOT","-1","N/A","0","false","-1","N/A","0","false","0","true","0","false","8390918749.579",,"8390918749.579","4","false","true",
"C","A","20230101","2023","52","2023","478","MRT","Mauritania","M","Import","0","W00","World","0","W00","World","H5","HS","true","TOTAL","All Commodities","0","false","C00","TOTAL CPC","0","0","TOTAL MOT","-1","N/A","0","false","-1","N/A","0","false",,"false","0","false","4817657640.785",,"4817657640.785","0","false","true",
"C","A","20230101","2023","52","2023","480","MUS","Mauritius","M","Import","0","W00","World","0","W00","World","H6","HS","true","TOTAL","All Commodities","0","false","C00","TOTAL CPC","0","0","TOTAL MOT","-1","N/A","0","false","-1","N/A","0","false","0","true","0","false","6281534269.694","5829663696.592","6281534269.694","4","false","true",
"C","A","20230101","2023","52","2023","484","MEX","Mexico","M","Import","0","W00","World","0","W00","World","H6","HS","true","TOTAL","All Commodities","0","false","C00","TOTAL CPC","0","0","TOTAL MOT","-1","N/A","0","false","-1","N/A","0","false",,"false","0","false",,"597767403238","597767403238","0","false","true",
"C","A","20230101","2023","52","2023","490","S19","Other Asia, nes","M","Import","0","W00","World","0","W00","World","H6","HS","true","TOTAL","All Commodities","0","false","C00","TOTAL CPC","0","0","TOTAL MOT","-1","N/A","0","false","-1","N/A","0","false","0","true","0","false","358505331667.303",,"358505331667.303","4","false","true",
"C","A","20230101","2023","52","2023","496","MNG","Mongolia","M","Import","0","W00","World","0","W00","World","H6","HS","true","TOTAL","All Commodities","0","false","C00","TOTAL CPC","0","0","TOTAL MOT","-1","N/A","0","false","-1","N/A","0","false","0","true","0","false","9252428067.431",,"9252428067.431","4","false","true",
"C","A","20230101","2023","52","2023","498","MDA","Rep. of Moldova","M","Import","0","W00","World","0","W00","World","H6","HS","true","TOTAL","All Commodities","0","false","C00","TOTAL CPC","0","0","TOTAL MOT","-1","N/A","0","false","-1","N/A","0","false",,"false","0","false","8673671693",,"8673671693","0","false","true",
"C","A","20230101","2023","52","2023","499","MNE","Montenegro","M","Import","0","W00","World","0","W00","World","H6","HS","true","TOTAL","All Commodities","0","false","C00","TOTAL CPC","0","0","TOTAL MOT","-1","N/A","0","false","-1","N/A","0","false",,"false","0","false","4116052842.255",,"4116052842.255","0","false","true",
"C","A","20230101","2023","52","2023","500","MSR","Montserrat","M","Import","0","W00","World","0","W00","World","H5","HS","true","TOTAL","All Commodities","0","false","C00","TOTAL CPC","0","0","TOTAL MOT","-1","N/A","0","false","-1","N/A","0","false","0","true","0","false","47524633.856",,"47524633.856","4","false","true",
"C","A","20230101","2023","52","2023","504","MAR","Morocco","M","Import","0","W00","World","0","W00","World","H6","HS","true","TOTAL","All Commodities","0","false","C00","TOTAL CPC","0","0","TOTAL MOT","-1","N/A","0","false","-1","N/A","0","false","0","true","0","false","70644998459.912",,"70644998459.912","4","false","true",
"C","A","20230101","2023","52","2023","508","MOZ","Mozambique","M","Import","0","W00","World","0","W00","World","H6","HS","true","TOTAL","All Commodities","0","false","C00","TOTAL CPC","0","0","TOTAL MOT","-1","N/A","0","false","-1","N/A","0","false",,"false","0","false","10091853000","8809956000","10091853000","0","false","true",
"C","A","20230101","2023","52","2023","512","OMN","Oman","M","Import","0","W00","World","0","W00","World","H6","HS","true","TOTAL","All Commodities","0","false","C00","TOTAL CPC","0","0","TOTAL MOT","-1","N/A","0","false","-1","N/A","0","false",,"false","0","false","38775376506.287",,"38775376506.287","0","false","true",
"C","A","20230101","2023","52","2023","516","NAM","Namibia","M","Import","0","W00","World","0","W00","World","H6","HS","true","TOTAL","All Commodities","0","false","C00","TOTAL CPC","0","0","TOTAL MOT","-1","N/A","0","false","-1","N/A","0","false",,"false","0","false","7300233486.067","6867721805.842","7300233486.067","0","false","true",
"C","A","20230101","2023","52","2023","528","NLD","Netherlands","M","Import","0","W00","World","0","W00","World","H6","HS","true","TOTAL","All Commodities","0","false","C00","TOTAL CPC","0","0","TOTAL MOT","-1","N/A","0","false","-1","N/A","0","false","0","true","0","false","655583230396.761",,"655583230396.761","4","false","true",
"C","A","20230101","2023","52","2023","533","ABW","Aruba","M","Import","0","W00","World","0","W00","World","H4","HS","true","TOTAL","All Commodities","0","false","C00","TOTAL CPC","0","0","TOTAL MOT","-1","N/A","0","false","-1","N/A","0","false","0","true","0","false","1536519564.793",,"1536519564.793","4","false","true",
"C","A","20230101","2023","52","2023","554","NZL","New Zealand","M","Import","0","W00","World","0","W00","World","H6","HS","true","TOTAL","All Commodities","0","false","C00","TOTAL CPC","0","0","TOTAL MOT","-1","N/A","0","false","-1","N/A","0","false",,"false","0","false","50459157960.121","47769541453.24","50459157960.121","0","false","true",
"C","A","20230101","2023","52","2023","558","NIC","Nicaragua","M","Import","0","W00","World","0","W00","World","H6","HS","true","TOTAL","All Commodities","0","false","C00","TOTAL CPC","0","0","TOTAL MOT","-1","N/A","0","false","-1","N/A","0","false","0","true","0","false","10911889588.54",,"10911889588.54","4","false","true",
"C","A","20230101","2023","52","2023","562","NER","Niger","M","Import","0","W00","World","0","W00","World","H6","HS","true","TOTAL","All Commodities","0","false","C00","TOTAL CPC","0","0","TOTAL MOT","-1","N/A","0","false","-1","N/A","0","false","0","true","0","false","3149414183.21",,"3149414183.21","4","false","true",
"C","A","20230101","2023","52","2023","566","NGA","Nigeria","M","Import","0","W00","World","0","W00","World","H6","HS","true","TOTAL","All Commodities","0","false","C00","TOTAL CPC","0","0","TOTAL MOT","-1","N/A","0","false","-1","N/A","0","false","0","true","0","false","65047894217.899",,"65047894217.899","4","false","true",
"C","A","20230101","2023","52","2023","579","NOR","Norway","M","Import","0","W00","World","0","W00","World","H6","HS","true","TOTAL","All Commodities","0","false","C00","TOTAL CPC","0","0","TOTAL MOT","-1","N/A","0","false","-1","N/A","0","false","0","true","0","false","96984707369.589",,"96984707369.589","4","false","true",
"C","A","20230101","2023","52","2023","586","PAK","Pakistan","M","Import","0","W00","World","0","W00","World","H6","HS","true","TOTAL","All Commodities","0","false","C00","TOTAL CPC","0","0","TOTAL MOT","-1","N/A","0","false","-1","N/A","0","false","0","true","0","false","50009391529.141",,"50009391529.141","4","false","true",
"C","A","20230101","2023","52","2023","591","PAN","Panama","M","Import","0","W00","World","0","W00","World","H6","HS","true","TOTAL","All Commodities","0","false","C00","TOTAL CPC","0","0","TOTAL MOT","-1","N/A","0","false","-1","N/A","0","false","0","true","0","false","14520871959",,"14520871959","4","false","true",
"C","A","20230101","2023","52","2023","598","PNG","Papua New Guinea","M","Import","0","W00","World","0","W00","World","H6","HS","true","TOTAL","All Commodities","0","false","C00","TOTAL CPC","0","0","TOTAL MOT","-1","N/A","0","false","-1","N/A","0","false",,"false","0","false","6174037014.268",,"6174037014.268","0","false","true",
"C","A","20230101","2023","52","2023","600","PRY","Paraguay","M","Import","0","W00","World","0","W00","World","H6","HS","true","TOTAL","All Commodities","0","false","C00","TOTAL CPC","0","0","TOTAL MOT","-1","N/A","0","false","-1","N/A","0","false",,"false","0","false","16104641636.676","15056303481.15","16104641636.676","0","false","true",
"C","A","20230101","2023","52","2023","604","PER","Peru","M","Import","0","W00","World","0","W00","World","H6","HS","true","TOTAL","All Commodities","0","false","C00","TOTAL CPC","0","0","TOTAL MOT","-1","N/A","0","false","-1","N/A","0","false","0","true","0","false","52163918741.49",,"52163918741.49","4","false","true",
"C","A","20230101","2023","52","2023","608","PHL","Philippines","M","Import","0","W00","World","0","W00","World","H5","HS","true","TOTAL","All Commodities","0","false","C00","TOTAL CPC","0","0","TOTAL MOT","-1","N/A","0","false","-1","N/A","0","false",,"false","0","false","133751638771","126098935612","133751638771","0","false","true",
"C","A","20230101","2023","52","2023","616","POL","Poland","M","Import","0","W00","World","0","W00","World","H6","HS","true","TOTAL","All Commodities","0","false","C00","TOTAL CPC","0","0","TOTAL MOT","-1","N/A","0","false","-1","N/A","0","false","0","true","0","false","371400902135",,"371400902135","4","false","true",
"C","A","20230101","2023","52","2023","620","PRT","Portugal","M","Import","0","W00","World","0","W00","World","H6","HS","true","TOTAL","All Commodities","0","false","C00","TOTAL CPC","0","0","TOTAL MOT","-1","N/A","0","false","-1","N/A","0","false",,"false","0","false","113690524448.707",,"113690524448.707","0","false","true",
"C","A","20230101","2023","52","2023","626","TLS","Timor-Leste","M","Import","0","W00","World","0","W00","World","H5","HS","true","TOTAL","All Commodities","0","false","C00","TOTAL CPC","0","0","TOTAL MOT","-1","N/A","0","false","-1","N/A","0","false","0","true","0","false","909435425.2",,"909435425.2","4","false","true",
"C","A","20230101","2023","52","2023","634","QAT","Qatar","M","Import","0","W00","World","0","W00","World","H6","HS","true","TOTAL","All Commodities","0","false","C00","TOTAL CPC","0","0","TOTAL MOT","-1","N/A","0","false","-1","N/A","0","false","0","true","0","false","31431140740.145",,"31431140740.145","4","false","true",
"C","A","20230101","2023","52","2023","642","ROU","Romania","M","Import","0","W00","World","0","W00","World","H6","HS","true","TOTAL","All Commodities","0","false","C00","TOTAL CPC","0","0","TOTAL MOT","-1","N/A","0","false","-1","N/A","0","false",,"false","0","false","131962913075.36","126643870615.97","131962913075.36","0","false","true",
"C","A","20230101","2023","52","2023","670","VCT","Saint Vincent and the Grenadines","M","Import","0","W00","World","0","W00","World","H6","HS","true","TOTAL","All Commodities","0","false","C00","TOTAL CPC","0","0","TOTAL MOT","-1","N/A","0","false","-1","N/A","0","false","0","true","0","false","456433084.893",,"456433084.893","4","false","true",
"C","A","20230101","2023","52","2023","678","STP","Sao Tome and Principe","M","Import","0","W00","World","0","W00","World","H5","HS","true","TOTAL","All Commodities","0","false","C00","TOTAL CPC","0","0","TOTAL MOT","-1","N/A","0","false","-1","N/A","0","false","0","true","0","false","183563238.117",,"183563238.117","4","false","true",
"C","A","20230101","2023","52","2023","682","SAU","Saudi Arabia","M","Import","0","W00","World","0","W00","World","H6","HS","true","TOTAL","All Commodities","0","false","C00","TOTAL CPC","0","0","TOTAL MOT","-1","N/A","0","false","-1","N/A","0","false","0","true","0","false","206939797105.705",,"206939797105.705","4","false","true",
"C","A","20230101","2023","52","2023","686","SEN","Senegal","M","Import","0","W00","World","0","W00","World","H6","HS","true","TOTAL","All Commodities","0","false","C00","TOTAL CPC","0","0","TOTAL MOT","-1","N/A","0","false","-1","N/A","0","false","0","true","0","false","11879388061.947",,"11879388061.947","4","false","true",
"C","A","20230101","2023","52","2023","688","SRB","Serbia","M","Import","0","W00","World","0","W00","World","H6","HS","true","TOTAL","All Commodities","0","false","C00","TOTAL CPC","0","0","TOTAL MOT","-1","N/A","0","false","-1","N/A","0","false",,"false","0","false","39827593654","38295434137","39827593654","0","false","true",
"C","A","20230101","2023","52","2023","690","SYC","Seychelles","M","Import","0","W00","World","0","W00","World","H5","HS","true","TOTAL","All Commodities","0","false","C00","TOTAL CPC","0","0","TOTAL MOT","-1","N/A","0","false","-1","N/A","0","false","0","true","0","false","1468094786.253",,"1468094786.253","4","false","true",
"C","A","20230101","2023","52","2023","699","IND","India","M","Import","0","W00","World","0","W00","World","H6","HS","true","TOTAL","All Commodities","0","false","C00","TOTAL CPC","0","0","TOTAL MOT","-1","N/A","0","false","-1","N/A","0","false",,"false","0","false","672140129635.882",,"672140129635.882","0","false","true",
"C","A","20230101","2023","52","2023","702","SGP","Singapore","M","Import","0","W00","World","0","W00","World","H6","HS","true","TOTAL","All Commodities","0","false","C00","TOTAL CPC","0","0","TOTAL MOT","-1","N/A","0","false","-1","N/A","0","false","0","true","0","false","422419822234.11",,"422419822234.11","4","false","true",
"C","A","20230101","2023","52","2023","703","SVK","Slovakia","M","Import","0","W00","World","0","W00","World","H6","HS","true","TOTAL","All Commodities","0","false","C00","TOTAL CPC","0","0","TOTAL MOT","-1","N/A","0","false","-1","N/A","0","false",,"false","0","false","115363878782.614","112379826418.39","115363878782.614","0","false","true",
"C","A","20230101","2023","52","2023","704","VNM","Viet Nam","M","Import","0","W00","World","0","W00","World","H6","HS","true","TOTAL","All Commodities","0","false","C00","TOTAL CPC","0","0","TOTAL MOT","-1","N/A","0","false","-1","N/A","0","false",,"false","0","false","325443689199",,"325443689199","0","false","true",
"C","A","20230101","2023","52","2023","705","SVN","Slovenia","M","Import","0","W00","World","0","W00","World","H6","HS","true","TOTAL","All Commodities","0","false","C00","TOTAL CPC","0","0","TOTAL MOT","-1","N/A","0","false","-1","N/A","0","false",,"false","0","false","61689903069.76",,"61689903069.76","0","false","true",
"C","A","20230101","2023","52","2023","710","ZAF","South Africa","M","Import","0","W00","World","0","W00","World","H6","HS","true","TOTAL","All Commodities","0","false","C00","TOTAL CPC","0","0","TOTAL MOT","-1","N/A","0","false","-1","N/A","0","false",,"false","0","false",,"107122724129.389","107122724129.389","0","false","true",
"C","A","20230101","2023","52","2023","716","ZWE","Zimbabwe","M","Import","0","W00","World","0","W00","World","H6","HS","true","TOTAL","All Commodities","0","false","C00","TOTAL CPC","0","0","TOTAL MOT","-1","N/A","0","false","-1","N/A","0","false","0","true","0","false","9201594318.416",,"9201594318.416","4","false","true",
"C","A","20230101","2023","52","2023","724","ESP","Spain","M","Import","0","W00","World","0","W00","World","H6","HS","true","TOTAL","All Commodities","0","false","C00","TOTAL CPC","0","0","TOTAL MOT","-1","N/A","0","false","-1","N/A","0","false",,"false","0","false","469043091352.087",,"469043091352.087","0","false","true",
"C","A","20230101","2023","52","2023","740","SUR","Suriname","M","Import","0","W00","World","0","W00","World","H3","HS","true","TOTAL","All Commodities","0","false","C00","TOTAL CPC","0","0","TOTAL MOT","-1","N/A","0","false","-1","N/A","0","false","0","true","0","false","1697155191.888",,"1697155191.888","4","false","true",
"C","A","20230101","2023","52","2023","748","SWZ","Eswatini","M","Import","0","W00","World","0","W00","World","H6","HS","true","TOTAL","All Commodities","0","false","C00","TOTAL CPC","0","0","TOTAL MOT","-1","N/A","0","false","-1","N/A","0","false","0","true","0","false","2038538969.12",,"2038538969.12","4","false","true",
"C","A","20230101","2023","52","2023","752","SWE","Sweden","M","Import","0","W00","World","0","W00","World","H6","HS","true","TOTAL","All Commodities","0","false","C00","TOTAL CPC","0","0","TOTAL MOT","-1","N/A","0","false","-1","N/A","0","false",,"false","0","false","193241452517.41",,"193241452517.41","0","false","true",
"C","A","20230101","2023","52","2023","757","CHE","Switzerland","M","Import","0","W00","World","0","W00","World","H6","HS","true","TOTAL","All Commodities","0","false","C00","TOTAL CPC","0","0","TOTAL MOT","-1","N/A","0","false","-1","N/A","0","false",,"false","0","false","365372487609.004",,"365372487609.004","0","false","true",
"C","A","20230101","2023","52","2023","762","TJK","Tajikistan","M","Import","0","W00","World","0","W00","World","H4","HS","true","TOTAL","All Commodities","0","false","C00","TOTAL CPC","0","0","TOTAL MOT","-1","N/A","0","false","-1","N/A","0","false",,"false","0","false","4249831185.24",,"4249831185.24","0","false","true",
"C","A","20230101","2023","52","2023","764","THA","Thailand","M","Import","0","W00","World","0","W00","World","H6","HS","true","TOTAL","All Commodities","0","false","C00","TOTAL CPC","0","0","TOTAL MOT","-1","N/A","0","false","-1","N/A","0","false",,"false","0","false","288499167734.577",,"288499167734.577","0","false","true",
"C","A","20230101","2023","52","2023","768","TGO","Togo","M","Import","0","W00","World","0","W00","World","H5","HS","true","TOTAL","All Commodities","0","false","C00","TOTAL CPC","0","0","TOTAL MOT","-1","N/A","0","false","-1","N/A","0","false",,"false","0","false","3048896759.421",,"3048896759.421","0","false","true",
"C","A","20230101","2023","52","2023","776","TON","Tonga","M","Import","0","W00","World","0","W00","World","H5","HS","true","TOTAL","All Commodities","0","false","C00","TOTAL CPC","0","0","TOTAL MOT","-1","N/A","0","false","-1","N/A","0","false",,"false","0","false","326484348.087",,"326484348.087","0","false","true",
"C","A","20230101","2023","52","2023","780","TTO","Trinidad and Tobago","M","Import","0","W00","World","0","W00","World","H4","HS","true","TOTAL","All Commodities","0","false","C00","TOTAL CPC","0","0","TOTAL MOT","-1","N/A","0","false","-1","N/A","0","false","0","true","0","false","9160019517.177",,"9160019517.177","4","false","true",
"C","A","20230101","2023","52","2023","784","ARE","United Arab Emirates","M","Import","0","W00","World","0","W00","World","H6","HS","true","TOTAL","All Commodities","0","false","C00","TOTAL CPC","0","0","TOTAL MOT","-1","N/A","0","false","-1","N/A","0","false","0","true","0","false","470536019784.564",,"470536019784.564","4","false","true",
"C","A","20230101","2023","52","2023","788","TUN","Tunisia","M","Import","0","W00","World","0","W00","World","H6","HS","true","TOTAL","All Commodities","0","false","C00","TOTAL CPC","0","0","TOTAL MOT","-1","N/A","0","false","-1","N/A","0","false","0","true","0","false","25930493874.99",,"25930493874.99","4","false","true",
"C","A","20230101","2023","52","2023","792","TUR","Türkiye","M","Import","0","W00","World","0","W00","World","H6","HS","true","TOTAL","All Commodities","0","false","C00","TOTAL CPC","0","0","TOTAL MOT","-1","N/A","0","false","-1","N/A","0","false",,"false","0","false","361966912768",,"361966912768","0","false","true",
"C","A","20230101","2023","52","2023","800","UGA","Uganda","M","Import","0","W00","World","0","W00","World","H6","HS","true","TOTAL","All Commodities","0","false","C00","TOTAL CPC","0","0","TOTAL MOT","-1","N/A","0","false","-1","N/A","0","false","0","true","0","false","11780107481.99",,"11780107481.99","4","false","true",
"C","A","20230101","2023","52","2023","804","UKR","Ukraine","M","Import","0","W00","World","0","W00","World","H6","HS","true","TOTAL","All Commodities","0","false","C00","TOTAL CPC","0","0","TOTAL MOT","-1","N/A","0","false","-1","N/A","0","false","0","true","0","false","63561928404.96",,"63561928404.96","4","false","true",
"C","A","20230101","2023","52","2023","807","MKD","North Macedonia","M","Import","0","W00","World","0","W00","World","H6","HS","true","TOTAL","All Commodities","0","false","C00","TOTAL CPC","0","0","TOTAL MOT","-1","N/A","0","false","-1","N/A","0","false",,"false","0","false","12052389309.404",,"12052389309.404","0","false","true",
"C","A","20230101","2023","52","2023","818","EGY","Egypt","M","Import","0","W00","World","0","W00","World","H6","HS","true","TOTAL","All Commodities","0","false","C00","TOTAL CPC","0","0","TOTAL MOT","-1","N/A","0","false","-1","N/A","0","false",,"false","0","false","84217629482.006",,"84217629482.006","0","false","true",
"C","A","20230101","2023","52","2023","826","GBR","United Kingdom","M","Import","0","W00","World","0","W00","World","H6","HS","true","TOTAL","All Commodities","0","false","C00","TOTAL CPC","0","0","TOTAL MOT","-1","N/A","0","false","-1","N/A","0","false",,"false","0","false","791657207072.251",,"791657207072.251","0","false","true",
"C","A","20230101","2023","52","2023","834","TZA","United Rep. of Tanzania","M","Import","0","W00","World","0","W00","World","H6","HS","true","TOTAL","All Commodities","0","false","C00","TOTAL CPC","0","0","TOTAL MOT","-1","N/A","0","false","-1","N/A","0","false","0","true","0","false","15117482286.806","13726718656.106","15117482286.806","4","false","true",
"C","A","20230101","2023","52","2023","842","USA","USA","M","Import","0","W00","World","0","W00","World","H6","HS","true","TOTAL","All Commodities","0","false","C00","TOTAL CPC","0","0","TOTAL MOT","-1","N/A","0","false","-1","N/A","0","false","0","true","0","false","3168471121076","3080052528515","3168471121076","4","false","true",
"C","A","20230101","2023","52","2023","854","BFA","Burkina Faso","M","Import","0","W00","World","0","W00","World","H6","HS","true","TOTAL","All Commodities","0","false","C00","TOTAL CPC","0","0","TOTAL MOT","-1","N/A","0","false","-1","N/A","0","false","0","true","0","false","5880261677.507",,"5880261677.507","4","false","true",
"C","A","20230101","2023","52","2023","858","URY","Uruguay","M","Import","0","W00","World","0","W00","World","H6","HS","true","TOTAL","All Commodities","0","false","C00","TOTAL CPC","0","0","TOTAL MOT","-1","N/A","0","false","-1","N/A","0","false",,"false","0","false","12486195279.53","11726579942.34","12486195279.53","0","false","true",
"C","A","20230101","2023","52","2023","860","UZB","Uzbekistan","M","Import","0","W00","World","0","W00","World","H6","HS","true","TOTAL","All Commodities","0","false","C00","TOTAL CPC","0","0","TOTAL MOT","-1","N/A","0","false","-1","N/A","0","false",,"false","0","false","36660333514.05",,"36660333514.05","0","false","true",
"C","A","20230101","2023","52","2023","882","WSM","Samoa","M","Import","0","W00","World","0","W00","World","H5","HS","true","TOTAL","All Commodities","0","false","C00","TOTAL CPC","0","0","TOTAL MOT","-1","N/A","0","false","-1","N/A","0","false","0","true","0","false","473312434.532",,"473312434.532","4","false","true",
"C","A","20230101","2023","52","2023","894","ZMB","Zambia","M","Import","0","W00","World","0","W00","World","H6","HS","true","TOTAL","All Commodities","0","false","C00","TOTAL CPC","0","0","TOTAL MOT","-1","N/A","0","false","-1","N/A","0","false",,"false","0","false","10125486798.647","264479543.42","10125486798.647","0","false","true",
